{"iterations": 17, "log": "{\"C1\":{\"0\":-2.4950415947,\"1\":0.0740069481,\"2\":0.503011014,\"3\":-1.8975092289,\"4\":1.8648479039,\"5\":1.5310327153,\"6\":1.2066729951,\"7\":1.8757431135,\"8\":2.0707806639,\"9\":1.1776568436,\"10\":0.349458409,\"11\":1.1203978817,\"12\":-1.9405186792,\"13\":1.0584822704,\"14\":1.8831712034,\"15\":1.8777245592,\"16\":1.4807139939,\"17\":0.6924728533,\"18\":-2.6083090321,\"19\":-2.2614948184,\"20\":-2.2432903378,\"21\":1.2160860816,\"22\":-2.1922699362,\"23\":-2.1272562358,\"24\":-2.2918754993,\"25\":-2.1936344655,\"26\":1.8868897598,\"27\":2.8357413399,\"28\":0.2981065828,\"29\":0.1240366268,\"30\":0.2361909716,\"31\":1.3842065199,\"32\":0.3634481569,\"33\":-1.9874502688,\"34\":-2.2366439159,\"35\":0.0512634119,\"36\":2.0732159039,\"37\":0.2292131251,\"38\":0.4543834706,\"39\":0.2382947871,\"40\":-2.2163780017,\"41\":-2.1705595048,\"42\":0.2547233259,\"43\":1.8833802582,\"44\":0.0747121791,\"45\":0.1163194942,\"46\":1.6131342529,\"47\":-1.8514392952,\"48\":-2.4131914939,\"49\":-0.0598966592,\"50\":0.5631083016,\"51\":-0.0343440764,\"52\":0.2061381644,\"53\":2.2295351736,\"54\":-0.085364478,\"55\":0.922391309,\"56\":1.4040610217,\"57\":0.4298639926,\"58\":2.0357773887,\"59\":-2.1380714575,\"60\":-2.4142622046,\"61\":-2.0667051539,\"62\":-2.4295824268,\"63\":1.6113583111,\"64\":-2.4453857225,\"65\":-2.4048491181,\"66\":2.3235226437,\"67\":-2.253774135,\"68\":0.2079141061,\"69\":-0.0291845537,\"70\":-2.3146190355,\"71\":-2.0062716658,\"72\":0.7619832273,\"73\":-2.2289315593,\"74\":2.4529719592,\"75\":-1.9584257904,\"76\":-2.1893856778,\"77\":-2.2205891835,\"78\":-1.8566411999,\"79\":1.3593979994,\"80\":0.6179660785,\"81\":-2.7023388841,\"82\":-2.278251231,\"83\":2.0399885706,\"84\":-2.2069273093,\"85\":-2.1429878704,\"86\":-2.1775373512,\"87\":-0.5091207066,\"88\":2.323275983,\"89\":1.7337873983,\"90\":-2.2422196271,\"91\":-2.4831556622,\"92\":-2.6089342753,\"93\":1.0206323428,\"94\":-2.3135859307,\"95\":2.9238688321,\"96\":-2.3946591395,\"97\":-2.3551932458,\"98\":-2.2016830227,\"99\":1.9880162772,\"100\":-2.2663652985,\"101\":0.3364934389,\"102\":2.7878578585,\"103\":-2.3527203998,\"104\":1.1391016849,\"105\":-2.0726922775,\"106\":2.386219923,\"107\":-2.0818115453,\"108\":0.651856261,\"109\":1.1800885328,\"110\":2.5085266404,\"111\":0.9614833962,\"112\":1.0011516475,\"113\":0.882308499,\"114\":0.8742599418,\"115\":0.958385307,\"116\":0.7081585551,\"117\":0.6137972786,\"118\":1.9260618349,\"119\":-0.1983380968,\"120\":0.9225136788,\"121\":1.7893504063,\"122\":0.2071288872,\"123\":1.4599554543,\"124\":0.4441851651,\"125\":0.7444415958,\"126\":-0.5566727633,\"127\":-0.4353567688,\"128\":1.9939234129,\"129\":1.1650232981,\"130\":1.0419737437,\"131\":1.9012533143,\"132\":1.2511269627,\"133\":1.0654601169,\"134\":0.3178810967,\"135\":1.5422217436,\"136\":1.4415419189,\"137\":1.3198980506,\"138\":1.1038893549,\"139\":1.3667872582,\"140\":1.5943128559},\"C2\":{\"0\":-0.8603116056,\"1\":-0.183154977,\"2\":-1.7657761455,\"3\":1.434986515,\"4\":-0.208692952,\"5\":0.2439025474,\"6\":-0.9495366656,\"7\":0.6451788104,\"8\":0.8748868734,\"9\":-1.6343981756,\"10\":-1.7546471392,\"11\":0.8447316316,\"12\":0.4418472765,\"13\":0.5049994563,\"14\":0.5306107549,\"15\":0.8348079446,\"16\":0.2298809059,\"17\":-0.0727305765,\"18\":-0.4350778368,\"19\":0.1730834637,\"20\":0.047837629,\"21\":-1.7217692252,\"22\":-0.4663019581,\"23\":-0.6721638165,\"24\":0.5180358964,\"25\":0.5635119846,\"26\":0.3571661597,\"27\":0.8114154517,\"28\":-0.9896811951,\"29\":-0.7921091312,\"30\":-1.3294133704,\"31\":0.6686247267,\"32\":-0.5990757723,\"33\":0.5052073969,\"34\":-0.429627254,\"35\":-0.2208528602,\"36\":0.8309455538,\"37\":-0.6011221304,\"38\":-0.4217757254,\"39\":-1.1225283329,\"40\":0.5258141014,\"41\":0.3503835106,\"42\":-0.8581919239,\"43\":0.2625284945,\"44\":-1.5586098439,\"45\":-1.3005168713,\"46\":0.6480180221,\"47\":0.1176715112,\"48\":0.6856882822,\"49\":-0.4360276922,\"50\":-0.1626595738,\"51\":-1.5668996384,\"52\":-0.3879936564,\"53\":0.5250488708,\"54\":-1.0527600514,\"55\":0.0014772861,\"56\":0.9838343832,\"57\":-0.0698913647,\"58\":1.0131311706,\"59\":-0.6349775229,\"60\":-0.3001843409,\"61\":0.6973823014,\"62\":2.1862120818,\"63\":1.0376002659,\"64\":-0.34463725,\"65\":-1.0724169005,\"66\":1.8778506751,\"67\":-0.1658024345,\"68\":-0.7775759002,\"69\":-1.031806482,\"70\":0.4803380133,\"71\":-0.5889898452,\"72\":0.7581534357,\"73\":2.7174428475,\"74\":0.2201753669,\"75\":-2.2958870928,\"76\":1.8948486298,\"77\":0.9593376648,\"78\":0.4563805075,\"79\":0.3975332917,\"80\":0.0143057856,\"81\":-0.9140774883,\"82\":-0.6877202266,\"83\":0.5796076072,\"84\":1.5184417505,\"85\":1.1740009073,\"86\":1.0786747507,\"87\":-1.5299436702,\"88\":0.3810727267,\"89\":0.9820183505,\"90\":1.033710252,\"91\":0.0883747239,\"92\":1.831435086,\"93\":0.0469533742,\"94\":-0.2986495723,\"95\":0.365916605,\"96\":1.1569097287,\"97\":-0.5567425449,\"98\":0.3059306015,\"99\":0.9724241128,\"100\":0.2609661029,\"101\":-0.2032500921,\"102\":0.7534524906,\"103\":1.1641763442,\"104\":-0.7169893908,\"105\":1.5204881086,\"106\":2.5804796778,\"107\":0.2770341025,\"108\":-0.2360089819,\"109\":-0.8310458568,\"110\":2.5076418591,\"111\":-0.5875464777,\"112\":-1.3928847921,\"113\":0.4956864828,\"114\":0.2381050997,\"115\":-0.041952444,\"116\":-0.1977995093,\"117\":-0.4259728037,\"118\":0.6592004518,\"119\":-2.6432128483,\"120\":0.0187331893,\"121\":-0.216471157,\"122\":-0.2931790893,\"123\":-0.4654814813,\"124\":0.8348536451,\"125\":0.3817465563,\"126\":-1.8387329883,\"127\":-2.0063853741,\"128\":-0.7417397503,\"129\":-0.3338274855,\"130\":-0.6503950086,\"131\":0.3881090169,\"132\":-0.0951533138,\"133\":-0.2232917837,\"134\":-1.5655295945,\"135\":-0.917912256,\"136\":-0.0721533862,\"137\":-0.5009682817,\"138\":-0.3106628333,\"139\":0.3094737505,\"140\":-0.44617922},\"clf\":{\"0\":\"inicio\",\"1\":\"inicio\",\"2\":\"inicio\",\"3\":\"inicio\",\"4\":\"inicio\",\"5\":\"inicio\",\"6\":\"inicio\",\"7\":\"inicio\",\"8\":\"inicio\",\"9\":\"inicio\",\"10\":\"inicio\",\"11\":\"inicio\",\"12\":\"inicio\",\"13\":\"inicio\",\"14\":\"inicio\",\"15\":\"inicio\",\"16\":\"inicio\",\"17\":\"inicio\",\"18\":\"inicio\",\"19\":\"inicio\",\"20\":\"inicio\",\"21\":\"inicio\",\"22\":\"inicio\",\"23\":\"CLF1(KNeighborsClassifier)\",\"24\":\"CLF1(KNeighborsClassifier)\",\"25\":\"CLF1(KNeighborsClassifier)\",\"26\":\"CLF1(KNeighborsClassifier)\",\"27\":\"CLF2(SVC)\",\"28\":\"CLF2(SVC)\",\"29\":\"CLF2(SVC)\",\"30\":\"CLF2(SVC)\",\"31\":\"CLF1(KNeighborsClassifier)\",\"32\":\"CLF1(KNeighborsClassifier)\",\"33\":\"CLF1(KNeighborsClassifier)\",\"34\":\"CLF1(KNeighborsClassifier)\",\"35\":\"CLF2(SVC)\",\"36\":\"CLF2(SVC)\",\"37\":\"CLF2(SVC)\",\"38\":\"CLF2(SVC)\",\"39\":\"CLF1(KNeighborsClassifier)\",\"40\":\"CLF1(KNeighborsClassifier)\",\"41\":\"CLF1(KNeighborsClassifier)\",\"42\":\"CLF2(SVC)\",\"43\":\"CLF2(SVC)\",\"44\":\"CLF2(SVC)\",\"45\":\"CLF2(SVC)\",\"46\":\"CLF1(KNeighborsClassifier)\",\"47\":\"CLF1(KNeighborsClassifier)\",\"48\":\"CLF1(KNeighborsClassifier)\",\"49\":\"CLF1(KNeighborsClassifier)\",\"50\":\"CLF2(SVC)\",\"51\":\"CLF2(SVC)\",\"52\":\"CLF2(SVC)\",\"53\":\"CLF2(SVC)\",\"54\":\"CLF1(KNeighborsClassifier)\",\"55\":\"CLF1(KNeighborsClassifier)\",\"56\":\"CLF1(KNeighborsClassifier)\",\"57\":\"CLF1(KNeighborsClassifier)\",\"58\":\"CLF2(SVC)\",\"59\":\"CLF2(SVC)\",\"60\":\"CLF2(SVC)\",\"61\":\"CLF2(SVC)\",\"62\":\"CLF1(KNeighborsClassifier)\",\"63\":\"CLF1(KNeighborsClassifier)\",\"64\":\"CLF1(KNeighborsClassifier)\",\"65\":\"CLF1(KNeighborsClassifier)\",\"66\":\"CLF2(SVC)\",\"67\":\"CLF2(SVC)\",\"68\":\"CLF2(SVC)\",\"69\":\"CLF2(SVC)\",\"70\":\"CLF1(KNeighborsClassifier)\",\"71\":\"CLF1(KNeighborsClassifier)\",\"72\":\"CLF1(KNeighborsClassifier)\",\"73\":\"CLF1(KNeighborsClassifier)\",\"74\":\"CLF2(SVC)\",\"75\":\"CLF2(SVC)\",\"76\":\"CLF2(SVC)\",\"77\":\"CLF1(KNeighborsClassifier)\",\"78\":\"CLF1(KNeighborsClassifier)\",\"79\":\"CLF1(KNeighborsClassifier)\",